-- 90 New Customers
INSERT INTO customers (customer_id, name, email, phone, address) VALUES
(111, 'Sitara Kumar', 'sitara.kumar111@email.com', '9862860924', '56 Bangalore Street, Surat'),
(112, 'Aditya Mehta', 'aditya.mehta112@email.com', '9368712603', '21 Kolkata Street, Hyderabad'),
(113, 'Avni Singh', 'avni.singh113@email.com', '9504102175', '17 Mumbai Street, Mumbai'),
(114, 'Sai Naidu', 'sai.naidu114@email.com', '9744650878', '30 Mumbai Street, Bangalore'),
(115, 'Saanvi Patel', 'saanvi.patel115@email.com', '9576970660', '38 Jaipur Street, Jaipur'),
(116, 'Riya Sharma', 'riya.sharma116@email.com', '9444117296', '24 Surat Street, Jaipur'),
(117, 'Aadhya Iyer', 'aadhya.iyer117@email.com', '9657459221', '57 Chennai Street, Chennai'),
(118, 'Aarav Kumar', 'aarav.kumar118@email.com', '9120702643', '41 Bangalore Street, Ahmedabad'),
(119, 'Aarav Pillai', 'aarav.pillai119@email.com', '9556797395', '22 Jaipur Street, Pune'),
(120, 'Aisha Jain', 'aisha.jain120@email.com', '9405990281', '16 Ahmedabad Street, Delhi'),
(121, 'Sitara Singh', 'sitara.singh121@email.com', '9470629500', '30 Ahmedabad Street, Mumbai'),
(122, 'Krishna Verma', 'krishna.verma122@email.com', '9239821013', '49 Jaipur Street, Kolkata'),
(123, 'Krishna Naidu', 'krishna.naidu123@email.com', '9520811123', '81 Jaipur Street, Hyderabad'),
(124, 'Pari Patel', 'pari.patel124@email.com', '9348582395', '86 Chennai Street, Bangalore'),
(125, 'Ishaan Naidu', 'ishaan.naidu125@email.com', '9351877232', '64 Kolkata Street, Kolkata'),
(126, 'Ananya Nair', 'ananya.nair126@email.com', '9885415882', '88 Surat Street, Chennai'),
(127, 'Riya Verma', 'riya.verma127@email.com', '9241133279', '62 Pune Street, Delhi'),
(128, 'Reyansh Iyer', 'reyansh.iyer128@email.com', '9909610887', '72 Kolkata Street, Bangalore'),
(129, 'Diya Iyer', 'diya.iyer129@email.com', '9862973199', '65 Bangalore Street, Pune'),
(130, 'Ayaan Jain', 'ayaan.jain130@email.com', '9746102758', '43 Delhi Street, Delhi'),
(131, 'Riya Pillai', 'riya.pillai131@email.com', '9517518818', '1 Surat Street, Delhi'),
(132, 'Aditya Verma', 'aditya.verma132@email.com', '9753138123', '53 Bangalore Street, Delhi'),
(133, 'Ananya Nair', 'ananya.nair133@email.com', '9553545375', '76 Pune Street, Bangalore'),
(134, 'Ayaan Nair', 'ayaan.nair134@email.com', '9104296629', '85 Chennai Street, Kolkata'),
(135, 'Pari Iyer', 'pari.iyer135@email.com', '9639250294', '77 Surat Street, Ahmedabad'),
(136, 'Kiara Verma', 'kiara.verma136@email.com', '9341217669', '67 Mumbai Street, Chennai'),
(137, 'Riya Sharma', 'riya.sharma137@email.com', '9443702280', '48 Surat Street, Jaipur'),
(138, 'Aisha Kumar', 'aisha.kumar138@email.com', '9396385091', '42 Delhi Street, Mumbai'),
(139, 'Avni Kumar', 'avni.kumar139@email.com', '9382413124', '34 Kolkata Street, Bangalore'),
(140, 'Aisha Naidu', 'aisha.naidu140@email.com', '9188988638', '16 Pune Street, Jaipur'),
(141, 'Avni Gupta', 'avni.gupta141@email.com', '9745785229', '86 Bangalore Street, Pune'),
(142, 'Diya Sharma', 'diya.sharma142@email.com', '9380125853', '28 Kolkata Street, Chennai'),
(143, 'Ananya Shah', 'ananya.shah143@email.com', '9888935432', '22 Jaipur Street, Surat'),
(144, 'Sitara Mehta', 'sitara.mehta144@email.com', '9419989268', '56 Surat Street, Delhi'),
(145, 'Riya Verma', 'riya.verma145@email.com', '9644686012', '75 Mumbai Street, Surat'),
(146, 'Ananya Sharma', 'ananya.sharma146@email.com', '9678206198', '46 Delhi Street, Delhi'),
(147, 'Aditya Menon', 'aditya.menon147@email.com', '9126737431', '44 Bangalore Street, Bangalore'),
(148, 'Pari Mehta', 'pari.mehta148@email.com', '9715868402', '9 Delhi Street, Mumbai'),
(149, 'Pari Reddy', 'pari.reddy149@email.com', '9656728638', '44 Mumbai Street, Mumbai'),
(150, 'Vihaan Sharma', 'vihaan.sharma150@email.com', '9266612695', '70 Surat Street, Bangalore'),
(151, 'Avni Menon', 'avni.menon151@email.com', '9452194607', '89 Jaipur Street, Ahmedabad'),
(152, 'Aisha Patel', 'aisha.patel152@email.com', '9558918329', '67 Ahmedabad Street, Kolkata'),
(153, 'Avni Menon', 'avni.menon153@email.com', '9180843423', '53 Jaipur Street, Kolkata'),
(154, 'Diya Menon', 'diya.menon154@email.com', '9790677209', '11 Surat Street, Delhi'),
(155, 'Vihaan Patel', 'vihaan.patel155@email.com', '9199926484', '49 Jaipur Street, Hyderabad'),
(156, 'Arjun Iyer', 'arjun.iyer156@email.com', '9845133779', '50 Mumbai Street, Surat'),
(157, 'Aarav Singh', 'aarav.singh157@email.com', '9970660620', '39 Delhi Street, Kolkata'),
(158, 'Vivaan Gupta', 'vivaan.gupta158@email.com', '9809946619', '53 Kolkata Street, Mumbai'),
(159, 'Ishaan Jain', 'ishaan.jain159@email.com', '9892237613', '84 Delhi Street, Jaipur'),
(160, 'Ishaan Patel', 'ishaan.patel160@email.com', '9467945693', '10 Hyderabad Street, Hyderabad'),
(161, 'Ananya Jain', 'ananya.jain161@email.com', '9433952457', '24 Bangalore Street, Delhi'),
(162, 'Riya Sharma', 'riya.sharma162@email.com', '9205890596', '6 Chennai Street, Pune'),
(163, 'Vihaan Reddy', 'vihaan.reddy163@email.com', '9920535275', '76 Surat Street, Surat'),
(164, 'Aadhya Menon', 'aadhya.menon164@email.com', '9225359297', '5 Surat Street, Surat'),
(165, 'Vihaan Naidu', 'vihaan.naidu165@email.com', '9139930778', '65 Hyderabad Street, Pune'),
(166, 'Aarav Menon', 'aarav.menon166@email.com', '9117235386', '84 Ahmedabad Street, Bangalore'),
(167, 'Ayaan Singh', 'ayaan.singh167@email.com', '9561443340', '63 Pune Street, Chennai'),
(168, 'Pari Pillai', 'pari.pillai168@email.com', '9949622639', '35 Delhi Street, Jaipur'),
(169, 'Aisha Naidu', 'aisha.naidu169@email.com', '9464606082', '99 Pune Street, Ahmedabad'),
(170, 'Ananya Gupta', 'ananya.gupta170@email.com', '9404945621', '43 Bangalore Street, Surat'),
(171, 'Avni Singh', 'avni.singh171@email.com', '9201487989', '3 Bangalore Street, Hyderabad'),
(172, 'Sai Gupta', 'sai.gupta172@email.com', '9104263391', '70 Mumbai Street, Ahmedabad'),
(173, 'Sitara Gupta', 'sitara.gupta173@email.com', '9350263750', '58 Hyderabad Street, Pune'),
(174, 'Kiara Nair', 'kiara.nair174@email.com', '9333512310', '11 Delhi Street, Surat'),
(175, 'Ishaan Menon', 'ishaan.menon175@email.com', '9691245629', '59 Delhi Street, Pune'),
(176, 'Avni Mehta', 'avni.mehta176@email.com', '9878223149', '55 Ahmedabad Street, Kolkata'),
(177, 'Diya Iyer', 'diya.iyer177@email.com', '9493187928', '47 Bangalore Street, Pune'),
(178, 'Avni Jain', 'avni.jain178@email.com', '9964213982', '68 Surat Street, Ahmedabad'),
(179, 'Vihaan Iyer', 'vihaan.iyer179@email.com', '9953760627', '2 Ahmedabad Street, Bangalore'),
(180, 'Avni Mehta', 'avni.mehta180@email.com', '9332792488', '48 Kolkata Street, Mumbai'),
(181, 'Reyansh Nair', 'reyansh.nair181@email.com', '9643127344', '68 Pune Street, Surat'),
(182, 'Aisha Verma', 'aisha.verma182@email.com', '9366322081', '51 Bangalore Street, Hyderabad'),
(183, 'Krishna Pillai', 'krishna.pillai183@email.com', '9295494595', '90 Kolkata Street, Chennai'),
(184, 'Ishaan Sharma', 'ishaan.sharma184@email.com', '9147097464', '58 Mumbai Street, Bangalore'),
(185, 'Krishna Pillai', 'krishna.pillai185@email.com', '9283914224', '31 Pune Street, Chennai'),
(186, 'Arjun Singh', 'arjun.singh186@email.com', '9746146890', '23 Kolkata Street, Hyderabad'),
(187, 'Diya Kumar', 'diya.kumar187@email.com', '9132014186', '24 Delhi Street, Delhi'),
(188, 'Vihaan Menon', 'vihaan.menon188@email.com', '9611253319', '34 Delhi Street, Surat'),
(189, 'Sai Jain', 'sai.jain189@email.com', '9769548433', '98 Hyderabad Street, Bangalore'),
(190, 'Arjun Verma', 'arjun.verma190@email.com', '9132595523', '14 Ahmedabad Street, Kolkata'),
(191, 'Aarav Reddy', 'aarav.reddy191@email.com', '9197032787', '32 Bangalore Street, Surat'),
(192, 'Diya Nair', 'diya.nair192@email.com', '9784454765', '86 Pune Street, Mumbai'),
(193, 'Riya Singh', 'riya.singh193@email.com', '9142664808', '21 Bangalore Street, Surat'),
(194, 'Aisha Menon', 'aisha.menon194@email.com', '9855680856', '17 Hyderabad Street, Chennai'),
(195, 'Avni Gupta', 'avni.gupta195@email.com', '9533820688', '96 Kolkata Street, Jaipur'),
(196, 'Arjun Kumar', 'arjun.kumar196@email.com', '9874437545', '65 Surat Street, Ahmedabad'),
(197, 'Aisha Verma', 'aisha.verma197@email.com', '9326177095', '45 Chennai Street, Ahmedabad'),
(198, 'Arjun Naidu', 'arjun.naidu198@email.com', '9971349969', '4 Ahmedabad Street, Jaipur'),
(199, 'Ayaan Iyer', 'ayaan.iyer199@email.com', '9230866487', '82 Chennai Street, Surat'),
(200, 'Kiara Naidu', 'kiara.naidu200@email.com', '9548353029', '74 Hyderabad Street, Jaipur');

-- 90 New Accounts for the customers above
INSERT INTO accounts (customer_id, account_number, account_type, balance) VALUES
(111, '5021', 'savings', 104082),
(112, '5022', 'savings', 445935),
(113, '5023', 'current', 314373),
(114, '5024', 'savings', 261239),
(115, '5025', 'current', 494660),
(116, '5026', 'current', 296519),
(117, '5027', 'current', 218294),
(118, '5028', 'current', 224441),
(119, '5029', 'current', 458418),
(120, '5030', 'current', 129896),
(121, '5031', 'current', 220235),
(122, '5032', 'current', 179910),
(123, '5033', 'savings', 305701),
(124, '5034', 'savings', 348315),
(125, '5035', 'savings', 42199),
(126, '5036', 'current', 139934),
(127, '5037', 'current', 493009),
(128, '5038', 'current', 379617),
(129, '5039', 'current', 357950),
(130, '5040', 'savings', 225151),
(131, '5041', 'savings', 477586),
(132, '5042', 'current', 308874),
(133, '5043', 'current', 286476),
(134, '5044', 'current', 435803),
(135, '5045', 'savings', 313555),
(136, '5046', 'savings', 469898),
(137, '5047', 'current', 357143),
(138, '5048', 'current', 449685),
(139, '5049', 'current', 229313),
(140, '5050', 'current', 437648),
(141, '5051', 'current', 76118),
(142, '5052', 'current', 285573),
(143, '5053', 'savings', 122635),
(144, '5054', 'savings', 33336),
(145, '5055', 'savings', 369948),
(146, '5056', 'current', 107769),
(147, '5057', 'current', 336553),
(148, '5058', 'savings', 364410),
(149, '5059', 'current', 480940),
(150, '5060', 'savings', 179996),
(151, '5061', 'current', 221559),
(152, '5062', 'savings', 460229),
(153, '5063', 'current', 24775),
(154, '5064', 'savings', 479211),
(155, '5065', 'current', 450383),
(156, '5066', 'current', 199250),
(157, '5067', 'savings', 323017),
(158, '5068', 'savings', 375067),
(159, '5069', 'current', 446731),
(160, '5070', 'savings', 373501),
(161, '5071', 'savings', 405111),
(162, '5072', 'savings', 256279),
(163, '5073', 'current', 370945),
(164, '5074', 'current', 445126),
(165, '5075', 'savings', 76565),
(166, '5076', 'savings', 365324),
(167, '5077', 'savings', 394295),
(168, '5078', 'current', 303516),
(169, '5079', 'current', 171076),
(170, '5080', 'savings', 40004),
(171, '5081', 'savings', 357407),
(172, '5082', 'savings', 31315),
(173, '5083', 'current', 183514),
(174, '5084', 'current', 253352),
(175, '5085', 'current', 107357),
(176, '5086', 'current', 51801),
(177, '5087', 'current', 78843),
(178, '5088', 'savings', 314653),
(179, '5089', 'current', 76778),
(180, '5090', 'savings', 34754),
(181, '5091', 'current', 433306),
(182, '5092', 'current', 251256),
(183, '5093', 'savings', 439022),
(184, '5094', 'savings', 79590),
(185, '5095', 'current', 299028),
(186, '5096', 'savings', 422342),
(187, '5097', 'current', 415331),
(188, '5098', 'current', 285358),
(189, '5099', 'current', 412008),
(190, '5100', 'current', 416774),
(191, '5101', 'savings', 184681),
(192, '5102', 'current', 464194),
(193, '5103', 'current', 404241),
(194, '5104', 'current', 130847),
(195, '5105', 'savings', 276902),
(196, '5106', 'savings', 15029),
(197, '5107', 'current', 11743),
(198, '5108', 'savings', 113667),
(199, '5109', 'current', 351991),
(200, '5110', 'current', 187489);

-- 200 New Transactions for original 20 accounts
INSERT INTO transactions (account_id, amount, transaction_type, description, transaction_date) VALUES
(16, 29247, 'credit', 'Investment', CURRENT_TIMESTAMP - INTERVAL '31 days'),
(14, 26331, 'credit', 'Salary credit', CURRENT_TIMESTAMP - INTERVAL '319 days'),
(20, 23532, 'credit', 'ATM deposit', CURRENT_TIMESTAMP - INTERVAL '261 days'),
(17, 13028, 'credit', 'Grocery shopping', CURRENT_TIMESTAMP - INTERVAL '11 days'),
(9, 31187, 'debit', 'Utility bill', CURRENT_TIMESTAMP - INTERVAL '185 days'),
(10, 30527, 'debit', 'Investment', CURRENT_TIMESTAMP - INTERVAL '38 days'),
(7, 7535, 'credit', 'Rent payment', CURRENT_TIMESTAMP - INTERVAL '201 days'),
(10, 42278, 'debit', 'ATM deposit', CURRENT_TIMESTAMP - INTERVAL '14 days'),
(19, 38072, 'credit', 'Online purchase', CURRENT_TIMESTAMP - INTERVAL '354 days'),
(10, 24811, 'debit', 'EMI payment', CURRENT_TIMESTAMP - INTERVAL '36 days'),
(10, 17192, 'credit', 'Fund transfer', CURRENT_TIMESTAMP - INTERVAL '240 days'),
(18, 10367, 'debit', 'Grocery shopping', CURRENT_TIMESTAMP - INTERVAL '138 days'),
(19, 41632, 'credit', 'Grocery shopping', CURRENT_TIMESTAMP - INTERVAL '268 days'),
(13, 25007, 'debit', 'EMI payment', CURRENT_TIMESTAMP - INTERVAL '120 days'),
(8, 40323, 'credit', 'Rent payment', CURRENT_TIMESTAMP - INTERVAL '76 days'),
(10, 49124, 'debit', 'Fund transfer', CURRENT_TIMESTAMP - INTERVAL '320 days'),
(18, 33266, 'credit', 'Grocery shopping', CURRENT_TIMESTAMP - INTERVAL '79 days'),
(17, 34545, 'debit', 'Fund transfer', CURRENT_TIMESTAMP - INTERVAL '160 days'),
(3, 9940, 'credit', 'Grocery shopping', CURRENT_TIMESTAMP - INTERVAL '246 days'),
(18, 13099, 'credit', 'Cash withdrawal', CURRENT_TIMESTAMP - INTERVAL '33 days'),
(8, 48336, 'debit', 'Online purchase', CURRENT_TIMESTAMP - INTERVAL '315 days'),
(4, 34040, 'credit', 'Investment', CURRENT_TIMESTAMP - INTERVAL '335 days'),
(13, 1388, 'credit', 'Utility bill', CURRENT_TIMESTAMP - INTERVAL '142 days'),
(11, 36738, 'credit', 'Salary credit', CURRENT_TIMESTAMP - INTERVAL '159 days'),
(19, 32514, 'credit', 'Cash withdrawal', CURRENT_TIMESTAMP - INTERVAL '284 days'),
(19, 3852, 'credit', 'EMI payment', CURRENT_TIMESTAMP - INTERVAL '344 days'),
(6, 13000, 'credit', 'Grocery shopping', CURRENT_TIMESTAMP - INTERVAL '130 days'),
(3, 1399, 'credit', 'EMI payment', CURRENT_TIMESTAMP - INTERVAL '43 days'),
(9, 19424, 'debit', 'Fund transfer', CURRENT_TIMESTAMP - INTERVAL '102 days'),
(20, 21473, 'debit', 'Investment', CURRENT_TIMESTAMP - INTERVAL '298 days'),
(15, 8852, 'debit', 'EMI payment', CURRENT_TIMESTAMP - INTERVAL '240 days'),
(4, 4479, 'credit', 'Cash withdrawal', CURRENT_TIMESTAMP - INTERVAL '259 days'),
(2, 18461, 'credit', 'ATM deposit', CURRENT_TIMESTAMP - INTERVAL '319 days'),
(5, 16718, 'credit', 'ATM deposit', CURRENT_TIMESTAMP - INTERVAL '213 days'),
(2, 20410, 'credit', 'Utility bill', CURRENT_TIMESTAMP - INTERVAL '270 days'),
(10, 18251, 'credit', 'Rent payment', CURRENT_TIMESTAMP - INTERVAL '158 days'),
(17, 6676, 'credit', 'Investment', CURRENT_TIMESTAMP - INTERVAL '151 days'),
(4, 46044, 'debit', 'Salary credit', CURRENT_TIMESTAMP - INTERVAL '220 days'),
(7, 45921, 'credit', 'Salary credit', CURRENT_TIMESTAMP - INTERVAL '19 days'),
(10, 25359, 'credit', 'ATM deposit', CURRENT_TIMESTAMP - INTERVAL '162 days'),
(3, 41852, 'credit', 'Cash withdrawal', CURRENT_TIMESTAMP - INTERVAL '125 days'),
(12, 27575, 'credit', 'ATM deposit', CURRENT_TIMESTAMP - INTERVAL '269 days'),
(16, 29496, 'credit', 'Grocery shopping', CURRENT_TIMESTAMP - INTERVAL '323 days'),
(15, 44823, 'debit', 'ATM deposit', CURRENT_TIMESTAMP - INTERVAL '335 days'),
(17, 15643, 'credit', 'Cash withdrawal', CURRENT_TIMESTAMP - INTERVAL '193 days'),
(12, 5820, 'credit', 'ATM deposit', CURRENT_TIMESTAMP - INTERVAL '214 days'),
(9, 24990, 'credit', 'Investment', CURRENT_TIMESTAMP - INTERVAL '319 days'),
(7, 42115, 'debit', 'Salary credit', CURRENT_TIMESTAMP - INTERVAL '223 days'),
(18, 8764, 'credit', 'Online purchase', CURRENT_TIMESTAMP - INTERVAL '122 days'),
(7, 32336, 'debit', 'Rent payment', CURRENT_TIMESTAMP - INTERVAL '267 days'),
(10, 31509, 'debit', 'Salary credit', CURRENT_TIMESTAMP - INTERVAL '231 days'),
(4, 46773, 'debit', 'ATM deposit', CURRENT_TIMESTAMP - INTERVAL '263 days'),
(3, 47756, 'credit', 'Utility bill', CURRENT_TIMESTAMP - INTERVAL '288 days'),
(16, 366, 'debit', 'Fund transfer', CURRENT_TIMESTAMP - INTERVAL '364 days'),
(10, 3071, 'credit', 'Fund transfer', CURRENT_TIMESTAMP - INTERVAL '228 days'),
(19, 5321, 'credit', 'Salary credit', CURRENT_TIMESTAMP - INTERVAL '122 days'),
(18, 29318, 'debit', 'ATM deposit', CURRENT_TIMESTAMP - INTERVAL '86 days'),
(16, 14156, 'credit', 'EMI payment', CURRENT_TIMESTAMP - INTERVAL '133 days'),
(16, 42449, 'debit', 'Fund transfer', CURRENT_TIMESTAMP - INTERVAL '1 days'),
(11, 34498, 'debit', 'Fund transfer', CURRENT_TIMESTAMP - INTERVAL '60 days'),
(15, 13717, 'credit', 'Rent payment', CURRENT_TIMESTAMP - INTERVAL '357 days'),
(19, 30759, 'credit', 'EMI payment', CURRENT_TIMESTAMP - INTERVAL '274 days'),
(5, 17416, 'debit', 'EMI payment', CURRENT_TIMESTAMP - INTERVAL '335 days'),
(13, 4100, 'debit', 'Salary credit', CURRENT_TIMESTAMP - INTERVAL '99 days'),
(8, 9715, 'debit', 'Investment', CURRENT_TIMESTAMP - INTERVAL '184 days'),
(10, 20015, 'debit', 'Cash withdrawal', CURRENT_TIMESTAMP - INTERVAL '13 days'),
(10, 7796, 'debit', 'Salary credit', CURRENT_TIMESTAMP - INTERVAL '48 days'),
(1, 3192, 'debit', 'ATM deposit', CURRENT_TIMESTAMP - INTERVAL '80 days'),
(3, 47881, 'credit', 'Online purchase', CURRENT_TIMESTAMP - INTERVAL '122 days'),
(4, 8099, 'credit', 'Salary credit', CURRENT_TIMESTAMP - INTERVAL '358 days'),
(9, 24507, 'credit', 'Rent payment', CURRENT_TIMESTAMP - INTERVAL '281 days'),
(6, 4091, 'credit', 'ATM deposit', CURRENT_TIMESTAMP - INTERVAL '29 days'),
(11, 24974, 'credit', 'ATM deposit', CURRENT_TIMESTAMP - INTERVAL '131 days'),
(7, 14474, 'debit', 'Rent payment', CURRENT_TIMESTAMP - INTERVAL '192 days'),
(8, 14208, 'debit', 'Salary credit', CURRENT_TIMESTAMP - INTERVAL '53 days'),
(15, 1589, 'credit', 'Investment', CURRENT_TIMESTAMP - INTERVAL '100 days'),
(11, 28349, 'debit', 'Rent payment', CURRENT_TIMESTAMP - INTERVAL '329 days'),
(15, 22179, 'credit', 'Utility bill', CURRENT_TIMESTAMP - INTERVAL '262 days'),
(11, 10766, 'debit', 'Utility bill', CURRENT_TIMESTAMP - INTERVAL '158 days'),
(16, 27963, 'debit', 'Grocery shopping', CURRENT_TIMESTAMP - INTERVAL '188 days'),
(16, 44382, 'debit', 'EMI payment', CURRENT_TIMESTAMP - INTERVAL '284 days'),
(6, 27005, 'debit', 'Grocery shopping', CURRENT_TIMESTAMP - INTERVAL '229 days'),
(7, 44387, 'debit', 'Online purchase', CURRENT_TIMESTAMP - INTERVAL '198 days'),
(20, 31263, 'credit', 'Fund transfer', CURRENT_TIMESTAMP - INTERVAL '38 days'),
(7, 43514, 'credit', 'Fund transfer', CURRENT_TIMESTAMP - INTERVAL '227 days'),
(20, 43521, 'credit', 'ATM deposit', CURRENT_TIMESTAMP - INTERVAL '324 days'),
(19, 20303, 'debit', 'Investment', CURRENT_TIMESTAMP - INTERVAL '144 days'),
(13, 1327, 'credit', 'Investment', CURRENT_TIMESTAMP - INTERVAL '90 days'),
(5, 10356, 'credit', 'Online purchase', CURRENT_TIMESTAMP - INTERVAL '302 days'),
(6, 39862, 'credit', 'EMI payment', CURRENT_TIMESTAMP - INTERVAL '284 days'),
(2, 13028, 'credit', 'Fund transfer', CURRENT_TIMESTAMP - INTERVAL '275 days'),
(20, 20063, 'credit', 'Grocery shopping', CURRENT_TIMESTAMP - INTERVAL '360 days'),
(6, 6536, 'debit', 'EMI payment', CURRENT_TIMESTAMP - INTERVAL '24 days'),
(3, 302, 'debit', 'EMI payment', CURRENT_TIMESTAMP - INTERVAL '189 days'),
(18, 16940, 'credit', 'EMI payment', CURRENT_TIMESTAMP - INTERVAL '228 days'),
(20, 49621, 'credit', 'Cash withdrawal', CURRENT_TIMESTAMP - INTERVAL '252 days'),
(7, 2749, 'debit', 'ATM deposit', CURRENT_TIMESTAMP - INTERVAL '20 days'),
(18, 11074, 'credit', 'Utility bill', CURRENT_TIMESTAMP - INTERVAL '312 days'),
(20, 17503, 'debit', 'ATM deposit', CURRENT_TIMESTAMP - INTERVAL '172 days'),
(15, 31236, 'credit', 'Salary credit', CURRENT_TIMESTAMP - INTERVAL '102 days'),
(16, 37986, 'credit', 'Grocery shopping', CURRENT_TIMESTAMP - INTERVAL '46 days'),
(3, 6914, 'debit', 'EMI payment', CURRENT_TIMESTAMP - INTERVAL '61 days'),
(12, 19718, 'credit', 'Cash withdrawal', CURRENT_TIMESTAMP - INTERVAL '158 days'),
(20, 16544, 'debit', 'ATM deposit', CURRENT_TIMESTAMP - INTERVAL '319 days'),
(5, 44869, 'credit', 'Utility bill', CURRENT_TIMESTAMP - INTERVAL '157 days'),
(16, 15818, 'debit', 'Rent payment', CURRENT_TIMESTAMP - INTERVAL '298 days'),
(7, 13935, 'debit', 'Rent payment', CURRENT_TIMESTAMP - INTERVAL '167 days'),
(12, 512, 'credit', 'ATM deposit', CURRENT_TIMESTAMP - INTERVAL '184 days'),
(9, 34202, 'debit', 'Utility bill', CURRENT_TIMESTAMP - INTERVAL '211 days'),
(11, 14257, 'debit', 'Rent payment', CURRENT_TIMESTAMP - INTERVAL '21 days'),
(9, 37667, 'credit', 'Fund transfer', CURRENT_TIMESTAMP - INTERVAL '104 days'),
(4, 20685, 'credit', 'Grocery shopping', CURRENT_TIMESTAMP - INTERVAL '243 days'),
(10, 31433, 'debit', 'Salary credit', CURRENT_TIMESTAMP - INTERVAL '173 days'),
(19, 31355, 'credit', 'Investment', CURRENT_TIMESTAMP - INTERVAL '103 days'),
(6, 9834, 'credit', 'Online purchase', CURRENT_TIMESTAMP - INTERVAL '287 days'),
(16, 26214, 'debit', 'Cash withdrawal', CURRENT_TIMESTAMP - INTERVAL '204 days'),
(18, 47297, 'credit', 'Investment', CURRENT_TIMESTAMP - INTERVAL '262 days'),
(3, 15742, 'credit', 'EMI payment', CURRENT_TIMESTAMP - INTERVAL '264 days'),
(18, 2492, 'debit', 'Salary credit', CURRENT_TIMESTAMP - INTERVAL '130 days'),
(13, 24982, 'debit', 'Grocery shopping', CURRENT_TIMESTAMP - INTERVAL '170 days'),
(5, 9947, 'credit', 'Utility bill', CURRENT_TIMESTAMP - INTERVAL '270 days'),
(11, 279, 'credit', 'Online purchase', CURRENT_TIMESTAMP - INTERVAL '269 days'),
(3, 30170, 'credit', 'Salary credit', CURRENT_TIMESTAMP - INTERVAL '242 days'),
(16, 13376, 'debit', 'Fund transfer', CURRENT_TIMESTAMP - INTERVAL '47 days'),
(16, 33360, 'credit', 'Grocery shopping', CURRENT_TIMESTAMP - INTERVAL '151 days'),
(10, 36963, 'credit', 'Salary credit', CURRENT_TIMESTAMP - INTERVAL '156 days'),
(3, 48730, 'credit', 'Grocery shopping', CURRENT_TIMESTAMP - INTERVAL '90 days'),
(9, 14897, 'debit', 'Salary credit', CURRENT_TIMESTAMP - INTERVAL '199 days'),
(13, 11970, 'debit', 'Online purchase', CURRENT_TIMESTAMP - INTERVAL '93 days'),
(6, 25771, 'debit', 'Cash withdrawal', CURRENT_TIMESTAMP - INTERVAL '236 days'),
(19, 10322, 'credit', 'Salary credit', CURRENT_TIMESTAMP - INTERVAL '26 days'),
(6, 36402, 'debit', 'EMI payment', CURRENT_TIMESTAMP - INTERVAL '165 days'),
(5, 5779, 'credit', 'ATM deposit', CURRENT_TIMESTAMP - INTERVAL '213 days'),
(2, 22281, 'debit', 'Fund transfer', CURRENT_TIMESTAMP - INTERVAL '61 days'),
(5, 25321, 'credit', 'Rent payment', CURRENT_TIMESTAMP - INTERVAL '209 days'),
(7, 40974, 'debit', 'Investment', CURRENT_TIMESTAMP - INTERVAL '65 days'),
(10, 20922, 'credit', 'Utility bill', CURRENT_TIMESTAMP - INTERVAL '314 days'),
(5, 7532, 'debit', 'Investment', CURRENT_TIMESTAMP - INTERVAL '157 days'),
(12, 35876, 'credit', 'Rent payment', CURRENT_TIMESTAMP - INTERVAL '282 days'),
(7, 8072, 'credit', 'Utility bill', CURRENT_TIMESTAMP - INTERVAL '91 days'),
(1, 37655, 'debit', 'Grocery shopping', CURRENT_TIMESTAMP - INTERVAL '313 days'),
(10, 9235, 'credit', 'Investment', CURRENT_TIMESTAMP - INTERVAL '135 days'),
(17, 44181, 'credit', 'EMI payment', CURRENT_TIMESTAMP - INTERVAL '110 days'),
(1, 20964, 'credit', 'Investment', CURRENT_TIMESTAMP - INTERVAL '48 days'),
(5, 29012, 'credit', 'Grocery shopping', CURRENT_TIMESTAMP - INTERVAL '256 days'),
(15, 21250, 'debit', 'Online purchase', CURRENT_TIMESTAMP - INTERVAL '112 days'),
(14, 42951, 'credit', 'ATM deposit', CURRENT_TIMESTAMP - INTERVAL '38 days'),
(18, 11535, 'debit', 'Utility bill', CURRENT_TIMESTAMP - INTERVAL '60 days'),
(8, 47428, 'credit', 'Salary credit', CURRENT_TIMESTAMP - INTERVAL '363 days'),
(13, 24969, 'credit', 'EMI payment', CURRENT_TIMESTAMP - INTERVAL '130 days'),
(7, 1418, 'debit', 'Grocery shopping', CURRENT_TIMESTAMP - INTERVAL '129 days'),
(16, 425, 'debit', 'EMI payment', CURRENT_TIMESTAMP - INTERVAL '19 days'),
(10, 238, 'debit', 'Fund transfer', CURRENT_TIMESTAMP - INTERVAL '342 days'),
(7, 31018, 'credit', 'Online purchase', CURRENT_TIMESTAMP - INTERVAL '262 days'),
(13, 8823, 'debit', 'Investment', CURRENT_TIMESTAMP - INTERVAL '337 days'),
(18, 47154, 'debit', 'Rent payment', CURRENT_TIMESTAMP - INTERVAL '198 days'),
(14, 19894, 'debit', 'Utility bill', CURRENT_TIMESTAMP - INTERVAL '148 days'),
(11, 42289, 'credit', 'Investment', CURRENT_TIMESTAMP - INTERVAL '298 days'),
(8, 48149, 'debit', 'Utility bill', CURRENT_TIMESTAMP - INTERVAL '257 days'),
(7, 25089, 'credit', 'Online purchase', CURRENT_TIMESTAMP - INTERVAL '59 days'),
(9, 28897, 'credit', 'Online purchase', CURRENT_TIMESTAMP - INTERVAL '300 days'),
(5, 23421, 'debit', 'Grocery shopping', CURRENT_TIMESTAMP - INTERVAL '176 days'),
(3, 7053, 'debit', 'Grocery shopping', CURRENT_TIMESTAMP - INTERVAL '302 days'),
(18, 19940, 'credit', 'Utility bill', CURRENT_TIMESTAMP - INTERVAL '125 days'),
(12, 37785, 'debit', 'Rent payment', CURRENT_TIMESTAMP - INTERVAL '61 days'),
(3, 47523, 'debit', 'ATM deposit', CURRENT_TIMESTAMP - INTERVAL '208 days'),
(14, 1333, 'credit', 'Fund transfer', CURRENT_TIMESTAMP - INTERVAL '193 days'),
(7, 36926, 'debit', 'Salary credit', CURRENT_TIMESTAMP - INTERVAL '90 days'),
(13, 30977, 'credit', 'EMI payment', CURRENT_TIMESTAMP - INTERVAL '168 days'),
(14, 43508, 'credit', 'Fund transfer', CURRENT_TIMESTAMP - INTERVAL '219 days'),
(3, 15084, 'debit', 'Investment', CURRENT_TIMESTAMP - INTERVAL '203 days'),
(8, 47157, 'debit', 'Fund transfer', CURRENT_TIMESTAMP - INTERVAL '296 days'),
(9, 34962, 'credit', 'Rent payment', CURRENT_TIMESTAMP - INTERVAL '235 days'),
(2, 27359, 'credit', 'Grocery shopping', CURRENT_TIMESTAMP - INTERVAL '49 days'),
(17, 10384, 'debit', 'Salary credit', CURRENT_TIMESTAMP - INTERVAL '18 days'),
(9, 13597, 'credit', 'Utility bill', CURRENT_TIMESTAMP - INTERVAL '327 days'),
(6, 19115, 'debit', 'Salary credit', CURRENT_TIMESTAMP - INTERVAL '153 days'),
(8, 5784, 'credit', 'EMI payment', CURRENT_TIMESTAMP - INTERVAL '303 days'),
(15, 6897, 'credit', 'EMI payment', CURRENT_TIMESTAMP - INTERVAL '48 days'),
(5, 5509, 'debit', 'Rent payment', CURRENT_TIMESTAMP - INTERVAL '205 days'),
(12, 19735, 'credit', 'Fund transfer', CURRENT_TIMESTAMP - INTERVAL '150 days'),
(11, 27559, 'debit', 'Salary credit', CURRENT_TIMESTAMP - INTERVAL '86 days'),
(16, 6430, 'debit', 'Cash withdrawal', CURRENT_TIMESTAMP - INTERVAL '62 days'),
(19, 18984, 'debit', 'Cash withdrawal', CURRENT_TIMESTAMP - INTERVAL '25 days'),
(6, 43334, 'credit', 'Fund transfer', CURRENT_TIMESTAMP - INTERVAL '100 days'),
(9, 26396, 'credit', 'Grocery shopping', CURRENT_TIMESTAMP - INTERVAL '351 days'),
(10, 19307, 'credit', 'EMI payment', CURRENT_TIMESTAMP - INTERVAL '97 days'),
(15, 1329, 'credit', 'Fund transfer', CURRENT_TIMESTAMP - INTERVAL '190 days'),
(17, 2914, 'debit', 'Cash withdrawal', CURRENT_TIMESTAMP - INTERVAL '43 days'),
(15, 1104, 'credit', 'Investment', CURRENT_TIMESTAMP - INTERVAL '278 days'),
(6, 29405, 'debit', 'Salary credit', CURRENT_TIMESTAMP - INTERVAL '294 days'),
(2, 23479, 'debit', 'EMI payment', CURRENT_TIMESTAMP - INTERVAL '92 days'),
(14, 48083, 'debit', 'EMI payment', CURRENT_TIMESTAMP - INTERVAL '12 days'),
(20, 48804, 'debit', 'Investment', CURRENT_TIMESTAMP - INTERVAL '304 days'),
(19, 2311, 'credit', 'Salary credit', CURRENT_TIMESTAMP - INTERVAL '60 days'),
(9, 23474, 'credit', 'Rent payment', CURRENT_TIMESTAMP - INTERVAL '184 days'),
(18, 47520, 'credit', 'Online purchase', CURRENT_TIMESTAMP - INTERVAL '65 days'),
(4, 34961, 'debit', 'Salary credit', CURRENT_TIMESTAMP - INTERVAL '59 days'),
(5, 3721, 'credit', 'Rent payment', CURRENT_TIMESTAMP - INTERVAL '143 days'),
(16, 9107, 'debit', 'Fund transfer', CURRENT_TIMESTAMP - INTERVAL '48 days');
