INSERT INTO customers (customer_id, name, email, phone, address) VALUES
(101, 'John Smith',     'john.smith@email.com',     '9876543210', '12 MG Road, Bangalore'),
(102, 'Priya Sharma',   'priya.sharma@email.com',   '9123456780', '45 Anna Nagar, Chennai'),
(103, 'Ravi Kumar',     'ravi.kumar@email.com',      '9988776655', '78 Banjara Hills, Hyderabad'),
(104, 'Anjali Mehta',   'anjali.mehta@email.com',   '9871234560', '23 Connaught Place, Delhi'),
(105, 'Suresh Patel',   'suresh.patel@email.com',   '9765432100', '56 CG Road, Ahmedabad'),
(106, 'Meena Nair',     'meena.nair@email.com',      '9654321000', '90 MG Road, Kochi'),
(107, 'Arun Verma',     'arun.verma@email.com',      '9543210009', '34 Park Street, Kolkata'),
(108, 'Deepa Iyer',     'deepa.iyer@email.com',      '9432100098', '67 FC Road, Pune'),
(109, 'Kiran Reddy',    'kiran.reddy@email.com',     '9321000987', '89 Jubilee Hills, Hyderabad'),
(110, 'Sunita Joshi',   'sunita.joshi@email.com',    '9210009876', '12 Prabhadevi, Mumbai');


INSERT INTO accounts (customer_id, account_number, account_type, balance) VALUES
(101, '5001', 'savings',  250000.00),
(101, '5002', 'current',  500000.00),
(102, '5003', 'savings',  180000.00),
(102, '5004', 'fixed',    1000000.00),
(103, '5005', 'savings',  320000.00),
(103, '5006', 'current',  750000.00),
(104, '5007', 'savings',  95000.00),
(104, '5008', 'current',  420000.00),
(105, '5009', 'savings',  610000.00),
(105, '5010', 'fixed',    2000000.00),
(106, '5011', 'savings',  145000.00),
(106, '5012', 'current',  380000.00),
(107, '5013', 'savings',  220000.00),
(107, '5014', 'current',  560000.00),
(108, '5015', 'savings',  490000.00),
(108, '5016', 'fixed',    1500000.00),
(109, '5017', 'savings',  310000.00),
(109, '5018', 'current',  870000.00),
(110, '5019', 'savings',  125000.00),
(110, '5020', 'current',  650000.00);


INSERT INTO transactions (account_id, amount, transaction_type, description, transaction_date) VALUES
-- Account 5001 (customer 101) — today transactions
(1,  15000.00, 'credit', 'Salary credit',             datetime('now')),
(1,  25000.00, 'debit',  'Rent payment',              datetime('now')),
(1,  75000.00, 'credit', 'Business transfer',         datetime('now')),
(1,  8000.00,  'debit',  'Utility bill',              datetime('now')),
(1,  55000.00, 'credit', 'Client payment received',   datetime('now')),


(3,  120000.00,'credit', 'Investment return',         datetime('now')),
(3,  45000.00, 'debit',  'Vendor payment',            datetime('now')),
(3,  18000.00, 'credit', 'Freelance income',          datetime('now')),
(3,  62000.00, 'debit',  'Equipment purchase',        datetime('now')),
(3,  5000.00,  'credit', 'Refund received',           datetime('now')),

(5,  90000.00, 'credit', 'Project milestone payment', datetime('now')),
(5,  35000.00, 'debit',  'Office supplies',           datetime('now')),
(5,  12000.00, 'credit', 'Bonus credited',            datetime('now')),


(9,  200000.00,'credit', 'Property rental income',    datetime('now')),
(9,  80000.00, 'debit',  'Tax payment',               datetime('now')),
(9,  15500.00, 'credit', 'Dividend received',         datetime('now'));


INSERT INTO transactions (account_id, amount, transaction_type, description, transaction_date) VALUES
(2,  150000.00,'credit', 'Large client payment',      datetime('now', '-1 day')),
(2,  60000.00, 'debit',  'Supplier payment',          datetime('now', '-1 day')),
(4,  500000.00,'credit', 'Fixed deposit maturity',    datetime('now', '-2 days')),
(6,  85000.00, 'credit', 'Contract payment',          datetime('now', '-2 days')),
(6,  55000.00, 'debit',  'Equipment maintenance',     datetime('now', '-3 days')),
(8,  75000.00, 'credit', 'Consulting fees',           datetime('now', '-3 days')),
(10, 300000.00,'credit', 'Business revenue',          datetime('now', '-4 days')),
(10, 120000.00,'debit',  'Staff salaries',            datetime('now', '-4 days')),
(12, 95000.00, 'credit', 'Export payment',            datetime('now', '-5 days')),
(14, 180000.00,'credit', 'Investment profit',         datetime('now', '-5 days')),
(16, 450000.00,'credit', 'FD interest + principal',   datetime('now', '-6 days')),
(18, 220000.00,'credit', 'Business transfer',         datetime('now', '-6 days'));


INSERT INTO transactions (account_id, amount, transaction_type, description, transaction_date) VALUES
(1,  9500.00,  'debit',  'Grocery shopping',          datetime('now', '-8 days')),
(1,  22000.00, 'credit', 'Part-time income',          datetime('now', '-9 days')),
(1,  11000.00, 'debit',  'Insurance premium',         datetime('now', '-10 days')),
(1,  3500.00,  'debit',  'Phone bill',                datetime('now', '-11 days')),
(1,  45000.00, 'credit', 'Rental income',             datetime('now', '-12 days')),
(2,  88000.00, 'credit', 'Quarterly bonus',           datetime('now', '-13 days')),
(2,  25000.00, 'debit',  'Car maintenance',           datetime('now', '-14 days')),
(3,  14000.00, 'credit', 'Freelance project',         datetime('now', '-8 days')),
(3,  7200.00,  'debit',  'Electricity bill',          datetime('now', '-9 days')),
(3,  50000.00, 'credit', 'Annual bonus',              datetime('now', '-10 days')),
(4,  16000.00, 'debit',  'Medical expenses',          datetime('now', '-11 days')),
(4,  110000.00,'credit', 'Stock dividends',           datetime('now', '-12 days')),
(5,  28000.00, 'debit',  'Home loan EMI',             datetime('now', '-8 days')),
(5,  13000.00, 'credit', 'Side business income',      datetime('now', '-9 days')),
(5,  65000.00, 'credit', 'Consulting payment',        datetime('now', '-15 days')),
(6,  42000.00, 'debit',  'Raw materials',             datetime('now', '-16 days')),
(6,  78000.00, 'credit', 'Product sales',             datetime('now', '-17 days')),
(7,  5800.00,  'debit',  'Internet bill',             datetime('now', '-8 days')),
(7,  18500.00, 'credit', 'Overtime pay',              datetime('now', '-10 days')),
(7,  33000.00, 'debit',  'Travel expenses',           datetime('now', '-12 days')),
(8,  92000.00, 'credit', 'Project completion fee',    datetime('now', '-14 days')),
(8,  19000.00, 'debit',  'Software license',          datetime('now', '-16 days')),
(9,  125000.00,'credit', 'Real estate income',        datetime('now', '-8 days')),
(9,  48000.00, 'debit',  'Property tax',              datetime('now', '-10 days')),
(9,  22000.00, 'credit', 'Parking fees collected',    datetime('now', '-12 days')),
(10, 55000.00, 'credit', 'Export invoice settled',    datetime('now', '-14 days')),
(10, 31000.00, 'debit',  'Packaging costs',           datetime('now', '-15 days')),
(11, 8900.00,  'debit',  'Water bill',                datetime('now', '-8 days')),
(11, 27000.00, 'credit', 'Tuition fees collected',    datetime('now', '-10 days')),
(11, 14500.00, 'debit',  'Books and materials',       datetime('now', '-12 days')),
(12, 73000.00, 'credit', 'Business revenue',          datetime('now', '-8 days')),
(12, 29000.00, 'debit',  'Office rent',               datetime('now', '-10 days')),
(13, 16000.00, 'credit', 'Commission earned',         datetime('now', '-8 days')),
(13, 11500.00, 'debit',  'Transport costs',           datetime('now', '-9 days')),
(13, 38000.00, 'credit', 'Sales bonus',               datetime('now', '-11 days')),
(14, 95000.00, 'credit', 'Investment return',         datetime('now', '-13 days')),
(14, 42000.00, 'debit',  'Loan repayment',            datetime('now', '-15 days')),
(15, 21000.00, 'credit', 'Rental income',             datetime('now', '-8 days')),
(15, 9800.00,  'debit',  'Maintenance charges',       datetime('now', '-10 days')),
(15, 56000.00, 'credit', 'Business transfer',         datetime('now', '-12 days')),
(16, 200000.00,'credit', 'FD interest credited',      datetime('now', '-14 days')),
(16, 75000.00, 'debit',  'Investment made',           datetime('now', '-16 days')),
(17, 32000.00, 'credit', 'Salary credited',           datetime('now', '-8 days')),
(17, 15000.00, 'debit',  'Shopping',                  datetime('now', '-9 days')),
(17, 12000.00, 'debit',  'Education fee',             datetime('now', '-11 days')),
(18, 145000.00,'credit', 'Annual contract payment',   datetime('now', '-13 days')),
(18, 58000.00, 'debit',  'Business expenses',         datetime('now', '-15 days')),
(19, 19000.00, 'credit', 'Part-time job',             datetime('now', '-8 days')),
(19, 7500.00,  'debit',  'Household expenses',        datetime('now', '-10 days')),
(19, 25000.00, 'credit', 'Freelance work',            datetime('now', '-12 days')),
(20, 88000.00, 'credit', 'Business revenue',          datetime('now', '-8 days')),
(20, 44000.00, 'debit',  'Staff wages',               datetime('now', '-10 days')),
(20, 67000.00, 'credit', 'Product sales',             datetime('now', '-12 days')),


(1,  10500.00, 'credit', 'ATM deposit',               datetime('now', '-18 days')),
(1,  6200.00,  'debit',  'ATM withdrawal',            datetime('now', '-19 days')),
(2,  43000.00, 'credit', 'Transfer received',         datetime('now', '-20 days')),
(3,  17800.00, 'debit',  'Online purchase',           datetime('now', '-18 days')),
(4,  82000.00, 'credit', 'Business profit',           datetime('now', '-20 days')),
(5,  11200.00, 'debit',  'Subscription fee',          datetime('now', '-18 days')),
(6,  53000.00, 'credit', 'Service revenue',           datetime('now', '-20 days')),
(7,  24000.00, 'credit', 'Performance bonus',         datetime('now', '-18 days')),
(8,  37000.00, 'debit',  'Vendor advance',            datetime('now', '-20 days')),
(9,  61000.00, 'credit', 'Rental advance',            datetime('now', '-18 days')),
(10, 48000.00, 'debit',  'Logistics cost',            datetime('now', '-20 days')),
(11, 22500.00, 'credit', 'Course fees received',      datetime('now', '-18 days')),
(12, 39000.00, 'debit',  'Equipment repair',          datetime('now', '-20 days')),
(13, 28000.00, 'credit', 'Incentive bonus',           datetime('now', '-18 days')),
(14, 71000.00, 'credit', 'Portfolio gains',           datetime('now', '-20 days')),
(15, 44000.00, 'credit', 'Advance rent',              datetime('now', '-18 days')),
(16, 130000.00,'credit', 'Maturity amount',           datetime('now', '-20 days')),
(17, 26000.00, 'credit', 'Overtime allowance',        datetime('now', '-18 days')),
(18, 96000.00, 'credit', 'Export payment',            datetime('now', '-20 days')),
(19, 13500.00, 'credit', 'Gig income',                datetime('now', '-18 days')),
(20, 77000.00, 'debit',  'Bulk purchase',             datetime('now', '-20 days'));